Receptor,subset,match_features,Score Type,s_score,Hits,Enrichment,max_feat,min_feat,avg_feat,max_centr,min_centr,avg_centr,hyd,don,acc,donhyd,catdon,hydaro,aniacc,donacc,features,all_same,hyd_prop,don_prop,acc_prop,donhyd_prop,catdon_prop,hydaro_prop,aniacc_prop,donacc_prop,quality
5HT1B,moefrags,4,dE(class),-0.188235,170,1.85,14.777997,1.4728123,8.9583931,10.749083,5.0763645,7.9048371,5,1,1,0,0,0,0,0,7,0,0.714285714,0.142857143,0.142857143,0,0,0,0,0,0
5HT1B,moefrags,4,dE,-4.49637,26,2.02,17.045998,1.1645132,11.312482,10.601196,5.3994145,8.8649368,2,1,0,0,3,1,0,0,7,0,0.285714286,0.142857143,0,0,0.428571429,0.142857143,0,0,1
5HT1B,moefrags,3,dU(class),-0.224138,561,1.01,17.218178,1.4178815,9.4414654,10.749083,5.5635157,7.8157973,7,0,0,0,0,0,0,0,7,1,1,0,0,0,0,0,0,0,0
5HT1B,moefrags,5,dU,-4.13947,2,4.38,6.8858695,1.1372836,3.8683982,8.987422,6.1781516,7.9408026,1,0,0,0,6,0,0,0,7,0,0.142857143,0,0,0,0.857142857,0,0,0,1
5HT2B,moefrags,6,dE(class),-0.338095,1,6.62,15.960495,2.5101347,8.3628254,9.0420494,3.9519479,6.7691536,5,1,0,0,0,1,0,0,7,0,0.714285714,0.142857143,0,0,0,0.142857143,0,0,1
5HT2B,moefrags,3,dE,-5.23342,20,0.66,12.564578,1.1551268,6.3851466,8.602169,4.1178055,5.6137424,0,0,0,0,7,0,0,0,7,1,0,0,0,0,1,0,0,0,0
5HT2B,moefrags,6,dU(class),-0.108333,3,2.21,14.334533,0.65266377,7.6881456,7.7865977,5.1793036,6.0932546,7,0,0,0,0,0,0,0,7,1,1,0,0,0,0,0,0,0,1
5HT2B,moefrags,3,dU,-6.20723,17,0.78,5.3081598,0.51087475,2.6165864,9.2363853,6.5673928,8.3624115,0,0,0,0,7,0,0,0,7,1,0,0,0,0,1,0,0,0,0
5HT2C,moefrags,4,dE(class),-1.31342,498,1.04,11.500634,2.1901793,6.267374,8.079381,3.7707212,5.3373113,3,1,1,0,1,1,0,0,7,0,0.428571429,0.142857143,0.142857143,0,0.142857143,0.142857143,0,0,0
5HT2C,moefrags,3,dE,-4.49013,502,1,13.754385,1.6345235,5.9744697,9.3874969,2.4649596,4.5810642,1,0,0,0,5,1,0,0,7,0,0.142857143,0,0,0,0.714285714,0.142857143,0,0,0
5HT2C,moefrags,4,dU(class),-0.721053,186,0.92,11.360661,0.11567102,6.8001318,8.9795074,3.6345336,6.2473388,4,1,2,0,0,0,0,0,7,0,0.571428571,0.142857143,0.285714286,0,0,0,0,0,0
5HT2C,moefrags,3,dU,-5.96627,18,0.74,5.6438432,0.92898899,3.0367813,4.8750286,1.7678758,3.4752147,0,0,0,0,7,0,0,0,7,1,0,0,0,0,1,0,0,0,0
A2A,moefrags,5,dE(class),-0.966667,133,1.03,10.075701,1.4098582,6.3458438,6.0713797,3.827318,5.0469475,3,0,1,0,0,2,0,1,7,0,0.428571429,0,0.142857143,0,0,0.285714286,0,0.142857143,0
A2A,moefrags,5,dE,-4.27794,12,1.64,9.9838028,1.0507088,5.842505,6.4480882,2.0663736,4.6973381,0,0,3,0,1,2,1,0,7,0,0,0,0.428571429,0,0.142857143,0.285714286,0.142857143,0,0
A2A,moefrags,5,dU(class),-1.85216,153,1.15,8.3158131,1.1655952,4.5306869,10.404747,3.5824029,7.1660495,6,0,0,0,1,0,0,0,7,0,0.857142857,0,0,0,0.142857143,0,0,0,0
A2A,moefrags,3,dU,-4.02981,3,0,9.5823765,1.0489562,4.0871668,6.3207517,3.8514082,4.8062925,0,0,0,0,1,0,6,0,7,0,0,0,0,0,0.142857143,0,0.857142857,0,0
A2C,moefrags,3,dE(class),-0.485,567,1,7.9078031,1.046078,4.1501207,8.6265497,1.5762092,4.5448332,5,1,1,0,0,0,0,0,7,0,0.714285714,0.142857143,0.142857143,0,0,0,0,0,0
A2C,moefrags,3,dE,-4.77277,19,3.74,9.3273611,0.68127728,3.620424,8.6702757,1.8813845,3.5036004,0,0,0,0,7,0,0,0,7,1,0,0,0,0,1,0,0,0,1
A2C,moefrags,6,dU(class),-0.105263,7,2.54,7.4049954,1.1825762,3.7679513,5.2109952,1.5302311,3.2058234,7,0,0,0,0,0,0,0,7,1,1,0,0,0,0,0,0,0,1
A2C,moefrags,3,dU,-5.31083,16,4.45,4.3366752,0.59553295,2.3963678,3.4840357,2.2957857,2.9344938,0,0,0,0,7,0,0,0,7,1,0,0,0,0,1,0,0,0,1
Beta 2,moefrags,5,dE(class),-0.995238,5,10.59,17.837337,2.7120407,8.7329845,10.064498,4.0576906,6.900806,3,1,1,0,1,0,0,1,7,0,0.428571429,0.142857143,0.142857143,0,0.142857143,0,0,0.142857143,1
Beta 2,moefrags,3,dE,-4.70315,11,1.2,14.832417,1.957142,8.9760923,9.3543472,4.0576906,6.7134852,0,0,0,0,7,0,0,0,7,1,0,0,0,0,1,0,0,0,0
Beta 2,moefrags,5,dU(class),-1.70839,59,1.57,16.650761,1.166077,6.8771758,9.3597488,6.8909693,7.967082,2,1,2,0,1,1,0,0,7,0,0.285714286,0.142857143,0.285714286,0,0.142857143,0.142857143,0,0,0
Beta 2,moefrags,3,dU,-5.13321,14,0,3.5821753,0.63754684,1.8116419,9.7632265,7.7819943,8.9769268,0,0,0,0,7,0,0,0,7,1,0,0,0,0,1,0,0,0,0
H1,moefrags,3,dE(class),-0.45,567,1,6.3716474,1.1668242,2.8200796,7.8244381,5.3252153,6.4776225,5,1,0,0,0,1,0,0,7,0,0.714285714,0.142857143,0,0,0,0.142857143,0,0,0
H1,moefrags,3,dE,-3.95622,17,0.66,12.157955,0.93415672,7.589664,7.4751987,4.9227901,6.4836864,0,0,0,0,6,0,1,0,7,0,0,0,0,0,0.857142857,0,0.142857143,0,0
H1,moefrags,3,dU(class),-1.6064,563,1.01,11.866706,1.1679881,7.472609,8.2246542,5.3701162,6.6177397,4,1,0,0,1,1,0,0,7,0,0.571428571,0.142857143,0,0,0.142857143,0.142857143,0,0,0
H1,moefrags,3,dU,-4.26093,24,0.93,12.780952,1.5277922,6.5867801,6.6282868,4.6312828,5.774621,0,0,0,0,4,0,3,0,7,0,0,0,0,0,0.571428571,0,0.428571429,0,0
M1,moefrags,6,dE(class),-0.691667,4,2.06,16.527851,1.1651175,8.9102068,9.0921793,3.4673228,6.5070853,3,1,1,0,0,2,0,0,7,0,0.428571429,0.142857143,0.142857143,0,0,0.285714286,0,0,1
M1,moefrags,5,dE,-4.75101,3,2.75,10.048433,0.70240599,6.1978273,9.1159611,5.8341041,7.0303326,1,1,0,0,4,1,0,0,7,0,0.142857143,0.142857143,0,0,0.571428571,0.142857143,0,0,1
M1,moefrags,5,dU(class),-2.90345,16,2.06,15.070384,1.5312704,8.3672552,8.721159,3.4673228,6.9742999,5,0,1,0,1,0,0,0,7,0,0.714285714,0,0.142857143,0,0.142857143,0,0,0,1
M1,moefrags,3,dU,-4.72783,19,0.43,5.8434424,0.56070399,3.9136176,9.5140934,6.403563,7.9552765,0,0,0,0,7,0,0,0,7,1,0,0,0,0,1,0,0,0,0
M2,moefrags,4,dE(class),-1.38636,27,1.19,10.081008,0.091954507,5.3296332,9.5138502,2.6983023,7.4320331,0,1,4,0,0,1,1,0,7,0,0,0.142857143,0.571428571,0,0,0.142857143,0.142857143,0,0
M2,moefrags,4,dE,-0.975,29,1.48,15.705109,0.15925643,6.8711619,9.2825623,2.6983023,5.2841978,0,4,2,0,0,1,0,0,7,0,0,0.571428571,0.285714286,0,0,0.142857143,0,0,0
M2,moefrags,6,dU(class),-0.1,8,4.03,11.204031,0.1424313,6.103271,7.757431,2.4160342,5.5475125,7,0,0,0,0,0,0,0,7,1,1,0,0,0,0,0,0,0,1
M2,moefrags,3,dU,-2.26207,3,0,16.800999,0.78623027,9.7812634,10.245285,6.1614728,8.2734385,0,0,0,0,2,0,5,0,7,0,0,0,0,0,0.285714286,0,0.714285714,0,0
M4,moefrags,6,dE(class),-0.122222,5,3.99,12.773146,1.0822611,7.4644046,9.0111437,3.9042709,6.1012344,6,0,0,0,0,1,0,0,7,0,0.857142857,0,0,0,0,0.142857143,0,0,1
M4,moefrags,3,dE,-2.12778,561,0.96,15.359131,1.3907092,7.6025276,9.7346087,5.0179338,7.1698093,2,0,2,0,3,0,0,0,7,0,0.285714286,0,0.285714286,0,0.428571429,0,0,0,0
M4,moefrags,6,dU(class),-1.47778,2,4.99,15.036624,1.1693492,8.0140839,8.9300785,3.1334169,5.8112473,4,1,1,0,0,1,0,0,7,0,0.571428571,0.142857143,0.142857143,0,0,0.142857143,0,0,1
M4,moefrags,3,dU,-6.94097,20,0,9.5245247,0.65968722,4.8972688,9.7710333,7.7819438,8.9978781,0,0,0,0,7,0,0,0,7,1,0,0,0,0,1,0,0,0,0
OPRD,moefrags,4,dE(class),-1.81549,529,1.075614367,9.4315252,0.75621164,4.4819326,7.8259101,4.9590192,6.0777998,4,1,1,0,1,0,0,0,7,0,0.571428571,0.142857143,0.142857143,0,0.142857143,0,0,0,0
OPRD,moefrags,4,dE,-4.3353,193,1.058323369,11.451571,1.1672163,6.1839066,7.3901858,4.7553058,5.8689752,2,1,0,0,3,1,0,0,7,0,0.285714286,0.142857143,0,0,0.428571429,0.142857143,0,0,0
OPRD,moefrags,6,dU(class),-0.342105,36,1.215811966,5.4791379,1.339862,3.7455769,7.8259101,3.61043,5.5548768,4,1,2,0,0,0,0,0,7,0,0.571428571,0.142857143,0.285714286,0,0,0,0,0,0
OPRD,moefrags,3,dU,-5.27244,39,0.374095989,13.652857,1.5954263,7.4811964,8.0913458,4.944119,6.4539795,1,0,0,0,3,0,3,0,7,0,0.142857143,0,0,0,0.428571429,0,0.428571429,0,0
OPRK,moefrags,5,dE(class),-0.935714,34,2.988445378,11.605652,1.1183617,5.2936969,9.3384333,5.808115,7.966239,4,1,1,0,1,0,0,0,7,0,0.571428571,0.142857143,0.142857143,0,0.142857143,0,0,0,1
OPRK,moefrags,4,dE,-5.35759,1,10.16071429,13.145735,1.3052363,8.711628,9.1865635,4.0604091,7.3372054,0,0,1,0,6,0,0,0,7,0,0,0,0.142857143,0,0.857142857,0,0,0,1
OPRK,moefrags,3,dU(class),-1.61706,424,1.294053235,16.991034,1.8162538,9.4123955,9.7464895,4.8855443,7.9757457,3,0,1,0,1,1,0,1,7,0,0.428571429,0,0.142857143,0,0.142857143,0.142857143,0,0.142857143,0
OPRK,moefrags,4,dU,-6.5204,12,0.84672619,6.0151463,0.56696558,2.9937885,9.1865635,6.9080129,7.8282127,1,0,0,0,6,0,0,0,7,0,0.142857143,0,0,0,0.857142857,0,0,0,0
OPRM,moefrags,4,dE(class),-0.628571,554,1.027075812,6.2632308,0.77097988,4.0917931,5.4519372,2.4798608,3.8557076,4,1,1,0,0,1,0,0,7,0,0.571428571,0.142857143,0.142857143,0,0,0.142857143,0,0,0
OPRM,moefrags,3,dE,-5.40418,79,0.543587294,11.773111,0.55587226,4.7066236,7.2324171,3.5477998,4.5780721,1,1,0,0,5,0,0,0,7,0,0.142857143,0.142857143,0,0,0.714285714,0,0,0,0
OPRM,moefrags,4,dU(class),-0.504348,544,1.026220866,7.5264053,1.1091303,4.4118433,5.4519372,2.7437243,4.1624064,5,1,1,0,0,0,0,0,7,0,0.714285714,0.142857143,0.142857143,0,0,0,0,0,0
OPRM,moefrags,3,dU,-3.75934,10,0,11.185822,0.51705027,6.9214067,7.7132754,3.6711664,5.639514,0,0,0,0,3,0,4,0,7,0,0,0,0,0,0.428571429,0,0.571428571,0,0
5HT1B,ef,5,dE(class),-0.216667,61,2.87,14.777997,1.1645132,7.9017963,10.749083,5.0763645,8.527544,4,1,1,0,0,1,0,0,7,0,0.571428571,0.142857143,0.142857143,0,0,0.142857143,0,0,1
5HT1B,ef,4,dE,-4.49637,26,2.02,17.045998,1.1645132,11.312482,10.601196,5.3994145,8.8649368,2,1,0,0,3,1,0,0,7,0,0.285714286,0.142857143,0,0,0.428571429,0.142857143,0,0,1
5HT1B,ef,4,dU(class),-0.118182,343,1.07,17.448446,0.88897359,9.0486498,10.749083,5.6096787,7.8808203,7,0,0,0,0,0,0,0,7,1,1,0,0,0,0,0,0,0,0
5HT1B,ef,5,dU,-4.27378,3,2.92,8.2198868,1.2708509,4.2462835,9.0561609,6.1781516,7.9938798,1,0,0,0,6,0,0,0,7,0,0.142857143,0,0,0,0.857142857,0,0,0,1
5HT2B,ef,4,dE(class),-0.4,543,1.04,11.533735,1.1689938,5.7200589,7.7865977,3.9519479,6.4088774,5,1,0,0,0,1,0,0,7,0,0.714285714,0.142857143,0,0,0,0.142857143,0,0,0
5HT2B,ef,3,dE,-4.33931,531,1,12.564578,1.0023826,5.9473701,8.602169,4.674387,6.6105814,1,1,0,0,4,1,0,0,7,0,0.142857143,0.142857143,0,0,0.571428571,0.142857143,0,0,0
5HT2B,ef,6,dU(class),-0.11875,3,2.21,14.334533,1.4122893,8.0676184,7.7865977,3.9519479,5.8723021,7,0,0,0,0,0,0,0,7,1,1,0,0,0,0,0,0,0,1
5HT2B,ef,3,dU,-5.29485,21,0.63,11.522468,1.6147522,6.2385011,9.3196011,4.3206029,7.1799159,0,0,0,0,7,0,0,0,7,1,0,0,0,0,1,0,0,0,0
5HT2C,ef,6,dE(class),-2.29913,2,3.31,11.495595,1.4378891,5.3473272,8.079381,2.8838477,4.679296,3,2,1,0,1,0,0,0,7,0,0.428571429,0.285714286,0.142857143,0,0.142857143,0,0,0,1
5HT2C,ef,3,dE,-4.14512,528,0.99,13.754385,1.0472271,5.6887755,9.3874969,2.2861462,4.5699325,0,1,0,0,4,2,0,0,7,0,0,0.142857143,0,0,0.571428571,0.285714286,0,0,0
5HT2C,ef,3,dU(class),-0.147059,561,1.01,11.444683,0.55258757,6.6236386,8.079381,4.0991793,6.2249508,5,0,2,0,0,0,0,0,7,0,0.714285714,0,0.285714286,0,0,0,0,0,0
5HT2C,ef,4,dU,-5.57283,13,1.02,5.6438432,1.1392862,3.1542819,4.7140489,1.7678758,3.2753875,1,0,0,0,6,0,0,0,7,0,0.142857143,0,0,0,0.857142857,0,0,0,0
A2A,ef,5,dE(class),-1.54,22,1.78,10.111151,1.2674928,6.3031507,6.1245971,3.827318,5.1489506,2,0,2,0,0,1,0,2,7,0,0.285714286,0,0.285714286,0,0,0.142857143,0,0.285714286,0
A2A,ef,3,dE,-4.10741,568,1,10.898169,1.9478753,5.6003246,7.1928763,2.0663736,4.6612744,1,0,2,0,1,3,0,0,7,0,0.142857143,0,0.285714286,0,0.142857143,0.428571429,0,0,0
A2A,ef,5,dU(class),-3.27665,20,0.98,15.202851,0.60035491,7.4941158,10.440987,3.9074731,6.5196357,6,0,0,0,1,0,0,0,7,0,0.857142857,0,0,0,0.142857143,0,0,0,0
A2A,ef,3,dU,-4.26954,113,0.52,15.200411,0.97112304,8.0181236,10.08287,3.9074731,6.0261416,0,1,1,0,3,0,0,2,7,0,0,0.142857143,0.142857143,0,0.428571429,0,0,0.285714286,0
A2C,ef,6,dE(class),-0.741667,19,2.81,7.9637055,1.1672884,4.3022857,8.6265497,1.9562446,5.443491,4,1,1,0,0,1,0,0,7,0,0.571428571,0.142857143,0.142857143,0,0,0.142857143,0,0,1
A2C,ef,3,dE,-3.90874,57,2.18,11.661752,1.0223062,7.8594642,8.7283621,2.6831472,5.9740396,1,0,0,0,5,0,0,1,7,0,0.142857143,0,0,0,0.714285714,0,0,0.142857143,1
A2C,ef,6,dU(class),-0.3,6,2.96,12.972508,1.5307946,5.6155124,8.7283621,1.9562446,4.234128,6,0,0,0,0,0,0,1,7,0,0.857142857,0,0,0,0,0,0,0.142857143,1
A2C,ef,3,dU,-3.88375,19,3.74,11.17331,0.1232028,6.5134401,8.2962284,2.361326,5.0247469,0,0,0,0,7,0,0,0,7,1,0,0,0,0,1,0,0,0,1
Beta 2,ef,4,dE(class),-0.864286,64,4.55,18.741371,1.1475755,10.271137,10.064498,4.9861307,7.6004906,3,1,1,0,0,0,0,2,7,0,0.428571429,0.142857143,0.142857143,0,0,0,0,0.285714286,1
Beta 2,ef,3,dE,-4.73053,10,1.32,15.323845,0.62019795,9.4857531,9.7632265,4.7672119,7.5285616,0,0,0,0,7,0,0,0,7,1,0,0,0,0,1,0,0,0,0
Beta 2,ef,4,dU(class),-1.47143,170,2.34,16.85998,1.3378184,7.8859081,9.4673042,7.111032,8.4720306,2,2,2,0,0,0,0,1,7,0,0.285714286,0.285714286,0.285714286,0,0,0,0,0.142857143,1
Beta 2,ef,3,dU,-4.55917,14,0,3.5821753,0.53284705,1.8472801,9.7632265,7.7819943,8.9440165,0,0,0,0,7,0,0,0,7,1,0,0,0,0,1,0,0,0,0
H1,ef,3,dE(class),-0.386364,567,1,6.3716474,1.1668242,3.0616755,7.8244381,4.3968668,6.2503662,5,1,0,0,0,1,0,0,7,0,0.714285714,0.142857143,0,0,0,0.142857143,0,0,0
H1,ef,3,dE,-4.45635,18,0.662,13.24171,1.0881802,8.4947538,7.6107655,5.8287435,6.7350154,0,0,0,0,7,0,0,0,7,1,0,0,0,0,1,0,0,0,0
H1,ef,3,dU(class),-0.283333,543,0.95,12.313594,1.5434422,8.0328846,7.5276074,5.0162477,5.9866614,4,2,1,0,0,0,0,0,7,0,0.571428571,0.285714286,0.142857143,0,0,0,0,0,0
H1,ef,4,dU,-4.18175,11,1.01,11.210562,1.6187122,6.1845651,8.1534681,5.8066292,6.7937779,1,0,0,0,6,0,0,0,7,0,0.142857143,0,0,0,0.857142857,0,0,0,0
M1,ef,5,dE(class),-0.646154,5,4.95,15.21464,1.5312704,9.8374758,8.721159,3.4673228,7.0555687,5,1,1,0,0,0,0,0,7,0,0.714285714,0.142857143,0.142857143,0,0,0,0,0,1
M1,ef,5,dE,-4.91477,3,2.75,10.097594,0.70240599,6.2093716,9.1159611,5.8341041,7.0362029,1,1,0,0,4,1,0,0,7,0,0.142857143,0.142857143,0,0,0.571428571,0.142857143,0,0,1
M1,ef,5,dU(class),-0.841667,10,4.12,13.968588,1.5312704,8.3755693,8.7682724,3.4673228,6.6396818,5,0,1,0,0,0,0,1,7,0,0.714285714,0,0.142857143,0,0,0,0,0.142857143,1
M1,ef,3,dU,-4.72783,19,0.43,5.8434424,0.56070399,3.9136176,9.5140934,6.403563,7.9552765,0,0,0,0,7,0,0,0,7,1,0,0,0,0,1,0,0,0,0
M2,ef,3,dE(class),-1.31,54,0.99,10.327492,0.092528112,6.1438823,9.5216246,2.6983023,6.5018358,0,3,4,0,0,0,0,0,7,0,0,0.428571429,0.571428571,0,0,0,0,0,0
M2,ef,5,dE,-0.94,1,10.74,16.428482,0.15925643,6.4405904,9.6859398,2.6983023,5.0900803,0,4,1,0,0,2,0,0,7,0,0,0.571428571,0.142857143,0,0,0.285714286,0,0,1
M2,ef,6,dU(class),-0.1,10,4.29,11.568931,1.6943507,6.4174981,7.757431,2.4160342,5.8807569,7,0,0,0,0,0,0,0,7,1,1,0,0,0,0,0,0,0,1
M2,ef,3,dU,-3.73333,19,1.13,5.9936423,0.540075,3.0887859,9.010787,4.4286828,6.8876829,0,0,0,0,7,0,0,0,7,1,0,0,0,0,1,0,0,0,0
M4,ef,6,dE(class),-0.1125,10,2,11.474065,0.73048931,6.071701,8.1142197,3.9042709,5.4245868,6,0,0,0,0,1,0,0,7,0,0.857142857,0,0,0,0,0.142857143,0,0,0
M4,ef,3,dE,-2.12778,561,0.96,15.359131,1.3907092,7.6025276,9.7346087,5.0179338,7.1698093,2,0,2,0,3,0,0,0,7,0,0.285714286,0,0.285714286,0,0.428571429,0,0,0,0
M4,ef,6,dU(class),-1.65,2,4.99,15.036624,1.1693492,8.0140839,8.9300785,3.1334169,5.8112473,4,1,1,0,0,1,0,0,7,0,0.571428571,0.142857143,0.142857143,0,0,0.142857143,0,0,1
M4,ef,4,dU,-6.412,525,0,9.5245247,0.87619948,5.5384297,9.7346087,7.7819438,8.7554274,0,0,0,0,7,0,0,0,7,1,0,0,0,0,1,0,0,0,0
OPRD,ef,5,dE(class),-0.564286,66,1.06,5.7086854,0.75621164,3.1831779,7.8259101,4.9590192,6.2595577,4,1,1,0,0,0,0,1,7,0,0.571428571,0.142857143,0.142857143,0,0,0,0,0.142857143,0
OPRD,ef,6,dE,-3.84036,3,1.33,11.451571,1.1513683,6.4403315,7.3848462,4.7553058,5.733695,3,1,0,0,2,1,0,0,7,0,0.428571429,0.142857143,0,0,0.285714286,0.142857143,0,0,0
OPRD,ef,4,dU(class),-0.791667,358,9.73,6.1818871,1.339862,3.6666405,7.8259101,3.61043,5.3544869,3,1,0,0,0,1,0,2,7,0,0.428571429,0.142857143,0,0,0,0.142857143,0,0.285714286,1
OPRD,ef,6,dU,-4.47493,20,1.26,4.3814712,1.091728,2.4352429,7.4313354,4.7553058,6.2018924,3,0,0,0,4,0,0,0,7,0,0.428571429,0,0,0,0.571428571,0,0,0,0
OPRK,ef,3,dE(class),-1,17,2.54,6.930687,1.1183617,4.2815633,9.3384333,5.808115,7.5769324,3,2,1,0,0,1,0,0,7,0,0.428571429,0.285714286,0.142857143,0,0,0.142857143,0,0,1
OPRK,ef,3,dE,-5.69395,529,2.39,18.851009,1.7228479,9.8291712,10.534269,3.939713,7.5068417,0,0,1,0,6,0,0,0,7,0,0,0,0.142857143,0,0.857142857,0,0,0,1
OPRK,ef,3,dU(class),-2.82058,45,1.06,16.306683,1.8162538,10.638532,9.2171097,4.8855443,7.9377465,4,0,1,0,1,0,0,1,7,0,0.571428571,0,0.142857143,0,0.142857143,0,0,0.142857143,0
OPRK,ef,5,dU,-4.91406,251,0.68,7.3403029,1.6276981,4.027823,9.1865635,6.0771585,7.540319,1,0,0,0,6,0,0,0,7,0,0.142857143,0,0,0,0.857142857,0,0,0,0
OPRM,ef,3,dE(class),-0.716667,509,1.54,10.904189,0.77097988,4.9906063,7.7149844,2.5739269,4.4123244,4,1,1,0,0,1,0,0,7,0,0.571428571,0.142857143,0.142857143,0,0,0.142857143,0,0,0
OPRM,ef,4,dE,-5.33984,558,1.1,11.77015,0.55587226,5.1787043,7.2324171,3.5874903,4.6813912,2,1,0,0,4,0,0,0,7,0,0.285714286,0.142857143,0,0,0.571428571,0,0,0,0
OPRM,ef,3,dU(class),-0.764286,44,1.02,7.5264053,1.1091303,4.1441598,5.4519372,1.7050276,3.9711382,4,1,1,0,0,1,0,0,7,0,0.571428571,0.142857143,0.142857143,0,0,0.142857143,0,0,0
OPRM,ef,3,dU,-5.45424,20,0.24,6.4195795,0.714091,3.5076087,4.9511218,3.5874903,4.4426904,1,0,0,0,6,0,0,0,7,0,0.142857143,0,0,0,0.857142857,0,0,0,0
5HT1B,gh,4,dE(class),-0.2,170,1.853755656,14.777997,1.4728123,8.958395,10.749083,5.0763645,7.904839,5,1,1,0,0,0,0,0,7,0,0.714285714,0.142857143,0.142857143,0,0,0,0,0,0
5HT1B,gh,4,dE,-2.41703,39,2.020118343,16.394461,1.1645132,10.052477,10.601196,4.5251694,8.3221264,1,3,0,0,1,2,0,0,7,0,0.142857143,0.428571429,0,0,0.142857143,0.285714286,0,0,1
5HT1B,gh,4,dU(class),-0.259091,125,1.190523077,17.448446,0.7509377,9.8077917,10.749083,5.5635157,8.1789465,7,0,0,0,0,0,0,0,7,1,1,0,0,0,0,0,0,0,0
5HT1B,gh,4,dU,-4.76385,1,8.753846154,4.5955496,0.54174346,2.3033302,9.6243925,7.7852659,8.4230347,0,0,0,0,7,0,0,0,7,1,0,0,0,0,1,0,0,0,1
5HT2B,gh,6,dE(class),-0.366667,3,2.205426357,11.533735,0.65266377,5.5950651,7.7865977,3.9519479,6.2629485,6,1,0,0,0,0,0,0,7,0,0.857142857,0.142857143,0,0,0,0,0,0,1
5HT2B,gh,3,dE,-3.09905,267,0.644281857,15.958681,0.97689557,9.7503462,11.335112,4.6195149,7.4904723,6,1,0,0,0,0,0,0,7,0,0.857142857,0.142857143,0,0,0,0,0,0,0
5HT2B,gh,6,dU(class),-0.108333,3,2.205426357,14.334533,0.65266377,7.6881456,7.7865977,5.1793036,6.0932546,7,0,0,0,0,0,0,0,7,1,1,0,0,0,0,0,0,0,1
5HT2B,gh,3,dU,-6.0816,14,0.472591362,4.2672906,0.7130428,2.0596275,9.0666437,7.2850819,8.2762594,7,0,0,0,0,0,0,0,7,1,1,0,0,0,0,0,0,0,0
5HT2C,gh,3,dE(class),-1.30219,561,1.002466526,12.274061,0.92677397,6.9155111,8.6641617,3.7707212,5.9358664,3,1,1,0,1,0,0,1,7,0,0.428571429,0.142857143,0.142857143,0,0.142857143,0,0,0.142857143,0
5HT2C,gh,5,dE,-3.95629,3,2.205426357,7.7615848,1.0472271,3.7594984,4.9886174,2.2732315,3.6270204,0,1,0,0,4,2,0,0,7,0,0,0.142857143,0,0,0.571428571,0.285714286,0,0,1
5HT2C,gh,3,dU(class),-0.316667,543,0.986958756,11.444683,0.13321474,5.7764959,8.079381,3.3560894,5.3478794,5,0,2,0,0,0,0,0,7,0,0.714285714,0,0.285714286,0,0,0,0,0,0
5HT2C,gh,3,dU,-4.29678,74,0.715273413,5.6832442,0.20224737,3.3891847,4.9096828,2.6624832,3.9307621,2,0,0,0,5,0,0,0,7,0,0.285714286,0,0,0,0.714285714,0,0,0,0
A2A,gh,5,dE(class),-1.12222,70,1.121182266,10.111151,1.5324885,6.5251384,6.1245971,3.827318,5.1387,3,0,2,0,0,1,0,1,7,0,0.428571429,0,0.285714286,0,0,0.142857143,0,0.142857143,0
A2A,gh,3,dE,-1.00833,568,1.001760563,10.898169,2.6907358,5.7911673,7.1928763,2.0663736,4.6987486,3,0,2,0,0,1,0,1,7,0,0.428571429,0,0.285714286,0,0,0.142857143,0,0.142857143,0
A2A,gh,3,dU(class),-0.1,561,0.979285758,15.153275,1.1655952,7.6671844,10.404747,4.6175466,7.6230569,7,0,0,0,0,0,0,0,7,1,1,0,0,0,0,0,0,0,0
A2A,gh,6,dU,-3.72357,3,6.540229885,7.7928762,0.87605709,4.7681007,9.8637495,3.6521754,6.3554144,7,0,0,0,0,0,0,0,7,1,1,0,0,0,0,0,0,0,1
A2C,gh,3,dE(class),-0.58125,567,1.003527337,7.9078031,1.0460922,4.159831,8.6265497,1.5762047,4.5510964,5,1,1,0,0,0,0,0,7,0,0.714285714,0.142857143,0.142857143,0,0,0,0,0,0
A2C,gh,3,dE,-4.9885,147,1.330569728,11.595148,1.0712175,7.6823382,8.7283621,1.8813845,5.9023485,0,1,0,0,4,1,0,1,7,0,0,0.142857143,0,0,0.571428571,0.142857143,0,0.142857143,0
A2C,gh,6,dU(class),-0.106667,7,2.540178571,7.4049954,1.1825762,3.7679513,5.2109952,1.5302311,3.2058234,7,0,0,0,0,0,0,0,7,1,1,0,0,0,0,0,0,0,1
A2C,gh,3,dU,-6.74962,20,3.55625,13.13256,0.74627477,7.6735892,10.533068,1.8813845,5.3694992,0,0,0,0,7,0,0,0,7,1,0,0,0,0,1,0,0,0,1
Beta 2,gh,5,dE(class),-1.04,5,10.58604651,17.837337,2.7120407,8.7329845,10.064498,4.0576906,6.900806,3,1,1,0,1,0,0,1,7,0,0.428571429,0.142857143,0.142857143,0,0.142857143,0,0,0.142857143,1
Beta 2,gh,4,dE,-3.12773,81,4.574217628,15.870665,2.4395158,8.8029575,10.369191,4.0576906,7.7215285,1,0,2,0,3,0,0,1,7,0,0.142857143,0,0.285714286,0,0.428571429,0,0,0.142857143,1
Beta 2,gh,4,dU(class),-1.5779,325,1.099320215,15.437044,0.66412967,8.0906096,9.3597488,6.8909693,7.9228745,2,1,1,0,1,2,0,0,7,0,0.285714286,0.142857143,0.142857143,0,0.142857143,0.285714286,0,0,0
Beta 2,gh,3,dU,-6.35411,38,0.348225214,4.6383209,0.57491392,2.095546,9.4101839,8.1397038,8.8508205,1,0,0,0,6,0,0,0,7,0,0.142857143,0,0,0,0.857142857,0,0,0,0
H1,gh,3,dE(class),-0.45,567,1.003527337,6.3716474,1.1668242,2.8200796,7.8244381,5.3252153,6.4776225,5,1,0,0,0,1,0,0,7,0,0.714285714,0.142857143,0,0,0,0.142857143,0,0,0
H1,gh,3,dE,-4.26153,499,1.073205234,10.122565,0.71503025,3.9901295,8.1258125,4.5861125,6.9808288,2,0,0,0,5,0,0,0,7,0,0.285714286,0,0,0,0.714285714,0,0,0,0
H1,gh,3,dU(class),-1.6064,563,1.010657194,11.866706,1.1679881,7.472609,8.2246542,5.3701162,6.6177397,4,1,0,0,1,1,0,0,7,0,0.571428571,0.142857143,0,0,0.142857143,0.142857143,0,0,0
H1,gh,5,dU,-4.03928,4,2.789215686,10.004568,0.6582849,4.0087914,8.1754122,4.5861125,7.0560002,3,0,0,0,4,0,0,0,7,0,0.428571429,0,0,0,0.571428571,0,0,0,1
M1,gh,5,dE(class),-0.573333,5,4.947826087,15.21464,1.5312704,9.8374758,8.721159,3.4673228,7.0555687,5,1,1,0,0,0,0,0,7,0,0.714285714,0.142857143,0.142857143,0,0,0,0,0,1
M1,gh,3,dE,-4.60567,531,0.823084691,3.3152905,0.69825387,1.9966233,7.0092931,4.1757498,5.9750485,0,3,0,0,2,2,0,0,7,0,0,0.428571429,0,0,0.285714286,0.285714286,0,0,0
M1,gh,5,dU(class),-2.90345,16,2.061594203,15.070384,1.5312704,8.3672552,8.721159,3.4673228,6.9742999,5,0,1,0,1,0,0,0,7,0,0.714285714,0,0.142857143,0,0.142857143,0,0,0,1
M1,gh,3,dU,-6.72679,16,0,4.8662829,0.12852801,2.7626727,8.7238283,6.04603,7.4878111,0,0,0,0,7,0,0,0,7,1,0,0,0,0,1,0,0,0,0
M2,gh,5,dE(class),-0.947222,3,10.73584906,10.727706,0.15925643,6.1530848,10.159136,2.6983023,5.5574622,1,3,2,0,0,1,0,0,7,0,0.142857143,0.428571429,0.285714286,0,0,0.142857143,0,0,1
M2,gh,5,dE,-0.94,1,10.73584906,16.428482,0.15925643,6.4405904,9.6859398,2.6983023,5.0900803,1,3,2,0,0,1,0,0,7,0,0.142857143,0.428571429,0.285714286,0,0,0.142857143,0,0,1
M2,gh,6,dU(class),-0.1,10,4.294339623,11.568931,1.6943507,6.4211202,7.757431,2.4160342,5.889257,7,0,0,0,0,0,0,0,7,1,1,0,0,0,0,0,0,0,1
M2,gh,3,dU,-4.52,316,0.679484118,3.8346646,0.58669281,2.080905,8.557478,5.6529856,6.8281894,7,0,0,0,0,0,0,0,7,1,1,0,0,0,0,0,0,0,0
M4,gh,6,dE(class),-0.1125,10,1.996491228,11.474065,0.73048931,6.071701,8.1142197,3.9042709,5.4245868,6,0,0,0,0,1,0,0,7,0,0.857142857,0,0,0,0,0.142857143,0,0,0
M4,gh,6,dE,-0.114286,11,1.814992026,11.073898,1.4545701,6.219234,6.7439737,3.9042709,5.2322116,6,0,0,0,0,1,0,0,7,0,0.857142857,0,0,0,0,0.142857143,0,0,0
M4,gh,6,dU(class),-1.65,2,4.99122807,15.036624,1.1693492,8.0140839,8.9300785,3.1334169,5.8112473,4,1,1,0,0,1,0,0,7,0,0.571428571,0.142857143,0.142857143,0,0,0.142857143,0,0,1
M4,gh,4,dU,-5.91718,32,0.935855263,9.357235,0.72479379,5.2971921,10.277767,8.2165174,9.4009094,4,1,1,0,0,1,0,0,7,0,0.571428571,0.142857143,0.142857143,0,0,0.142857143,0,0,0
OPRD,gh,5,dE(class),-2.11646,136,1.287330317,10.51485,1.1513683,4.4728374,7.8259101,4.9590192,6.0429668,3,1,0,0,1,1,0,1,7,0,0.428571429,0.142857143,0,0,0.142857143,0.142857143,0,0.142857143,0
OPRD,gh,4,dE,-4.43931,363,1.245956064,9.0188627,0.13442852,5.3494477,5.878253,4.3015928,5.4467068,2,1,0,0,3,1,0,0,7,0,0.285714286,0.142857143,0,0,0.428571429,0.142857143,0,0,0
OPRD,gh,6,dU(class),-0.621429,5,5.835897436,6.1818871,1.339862,3.6427586,7.8259101,3.61043,5.6616173,3,1,1,0,0,1,0,1,7,0,0.428571429,0.142857143,0.142857143,0,0,0.142857143,0,0.142857143,1
OPRD,gh,3,dU,-5.85192,14,0,3.7069924,0.16241445,1.6350839,6.40803,4.4950585,5.4569697,0,0,0,0,7,0,0,0,7,1,0,0,0,0,1,0,0,0,0
OPRK,gh,5,dE(class),-0.935714,34,2.988445378,11.605652,1.1183617,5.2936969,9.3384333,5.808115,7.966239,4,1,1,0,1,0,0,0,7,0,0.571428571,0.142857143,0.142857143,0,0.142857143,0,0,0,1
OPRK,gh,4,dE,-3.93821,7,2.903061224,13.973829,1.162351,9.2927933,8.8213778,5.808115,7.2932653,0,1,1,0,4,1,0,0,7,0,0,0.142857143,0.142857143,0,0.571428571,0.142857143,0,0,1
OPRK,gh,4,dU(class),-1.46188,108,1.128968254,14.154366,1.2389399,9.1620197,9.2171097,4.8855443,7.5467453,5,0,1,0,1,0,0,0,7,0,0.714285714,0,0.142857143,0,0.142857143,0,0,0,0
OPRK,gh,4,dU,-5.06145,1,10.16071429,15.722771,1.2191751,8.8971949,8.4183683,3.9128516,7.2917008,0,0,0,0,7,0,0,0,7,1,0,0,0,0,1,0,0,0,1
OPRM,gh,6,dE(class),-0.661538,24,1.789308176,5.9806814,0.77097988,3.7534003,5.4519372,2.4798608,3.6644495,4,1,1,0,0,1,0,0,7,0,0.571428571,0.142857143,0.142857143,0,0,0.142857143,0,0,0
OPRM,gh,3,dE,-4.49983,16,0,12.728937,1.0030782,4.7909822,7.2324171,3.5477998,4.7569747,0,1,0,0,6,0,0,0,7,0,0,0.142857143,0,0,0.857142857,0,0,0,0
OPRM,gh,4,dU(class),-0.589474,544,1.026220866,7.5264053,1.1091303,4.4118495,5.4519372,2.7437243,4.1624107,5,1,1,0,0,0,0,0,7,0,0.714285714,0.142857143,0.142857143,0,0,0,0,0,0
OPRM,gh,3,dU,-4.46498,37,0,4.193697,1.0030782,2.1991129,6.8817434,3.4807837,4.7927241,1,0,0,0,6,0,0,0,7,0,0.142857143,0,0,0,0.857142857,0,0,0,0
5HT1B,rec_ef,3,dE(class),-1.15455,453,0.985532348,14.656192,1.7305361,9.4652786,10.345926,5.8324718,7.7848706,2,1,2,0,0,0,0,2,7,0,0.285714286,0.142857143,0.285714286,0,0,0,0,0.285714286,0
5HT1B,rec_ef,3,dE,-5.18018,317,0.994127639,15.907225,0.55182332,9.8444948,9.9697027,5.3994145,7.9257069,2,0,0,0,5,0,0,0,7,0,0.285714286,0,0,0,0.714285714,0,0,0,0
5HT1B,rec_ef,3,dU(class),-0.13,555,0.993679834,13.207399,0.20243263,4.8041167,8.0446653,4.3651314,5.9173517,7,0,0,0,0,0,0,0,7,1,1,0,0,0,0,0,0,0,0
5HT1B,rec_ef,5,dU,-4.47459,2,4.376923077,6.5695338,1.2708509,3.6706553,9.3480272,6.1781516,8.0349083,1,0,0,0,6,0,0,0,7,0,0.142857143,0,0,0,0.857142857,0,0,0,1
5HT2B,rec_ef,5,dE(class),-0.54375,14,1.890365449,15.110319,1.3273842,9.2504406,7.8287721,5.3634496,6.7393031,5,0,1,0,0,0,0,1,7,0,0.714285714,0,0.142857143,0,0,0,0,0.142857143,0
5HT2B,rec_ef,3,dE,-5.30137,21,0.630121816,12.564578,1.7216005,6.9048462,8.602169,4.3016253,5.7125363,0,0,0,0,7,0,0,0,7,1,0,0,0,0,1,0,0,0,0
5HT2B,rec_ef,6,dU(class),-0.118182,2,3.308139535,14.334533,1.5309908,8.7136059,7.7865977,5.3634496,6.6358948,7,0,0,0,0,0,0,0,7,1,1,0,0,0,0,0,0,0,1
5HT2B,rec_ef,4,dU,-4.6323,17,0.389192886,10.523085,1.1486684,4.9236679,8.7019701,5.3330216,7.3059497,1,0,0,0,6,0,0,0,7,0,0.142857143,0,0,0,0.857142857,0,0,0,0
5HT2C,rec_ef,3,dE(class),-1.23846,555,1.025225225,9.7664785,0.78827721,6.0031347,8.9795074,2.8838477,6.6444025,5,1,1,0,0,0,0,0,7,0,0.714285714,0.142857143,0.142857143,0,0,0,0,0,0
5HT2C,rec_ef,3,dE,-5.1524,11,0.601479915,16.579319,0.88494408,8.1527939,9.3874969,2.2861462,5.6395102,0,0,0,0,7,0,0,0,7,1,0,0,0,0,1,0,0,0,0
5HT2C,rec_ef,5,dU(class),-0.1,110,1.142811839,6.8508205,0.5172717,4.0415201,8.9795074,6.3362484,7.8356538,7,0,0,0,0,0,0,0,7,1,1,0,0,0,0,0,0,0,0
5HT2C,rec_ef,3,dU,-5.29319,17,0.778385773,6.0710196,0.88494408,3.169354,5.6062827,1.7678758,3.1867435,0,0,0,0,7,0,0,0,7,1,0,0,0,0,1,0,0,0,0
A2A,rec_ef,5,dE(class),-2.8706,15,1.308045977,11.53487,0.6488775,5.890851,6.6622882,3.6415756,5.3419595,3,1,1,0,1,0,0,1,7,0,0.428571429,0.142857143,0.142857143,0,0.142857143,0,0,0.142857143,0
A2A,rec_ef,3,dE,-4.37763,275,1.141567398,9.3880148,0.85806412,5.4339786,5.6212554,3.6816452,4.8400965,0,1,3,0,3,0,0,0,7,0,0,0.142857143,0.428571429,0,0.428571429,0,0,0,0
A2A,rec_ef,3,dU(class),-0.1,552,0.853073463,15.202851,0.60035491,7.2541046,10.440987,4.6175466,7.0126281,7,0,0,0,0,0,0,0,7,1,1,0,0,0,0,0,0,0,0
A2A,rec_ef,3,dU,-3.64401,343,1.25846989,15.142334,2.4598196,8.1388445,9.5688038,3.7017713,5.6828995,1,1,2,0,3,0,0,0,7,0,0.142857143,0.142857143,0.285714286,0,0.428571429,0,0,0,0
A2C,rec_ef,6,dE(class),-0.293333,5,3.55625,7.3774862,1.4958816,3.8868775,5.1591616,1.9562446,3.4169781,6,0,0,0,0,0,0,1,7,0,0.857142857,0,0,0,0,0,0,0.142857143,1
A2C,rec_ef,3,dE,-4.06185,33,3.232954545,11.661752,1.4529815,7.4813633,8.6702757,2.6831472,5.5320263,1,0,0,0,6,0,0,0,7,0,0.142857143,0,0,0,0.857142857,0,0,0,1
A2C,rec_ef,6,dU(class),-0.106667,7,2.540178571,7.4049954,1.4227613,3.8284099,5.2109952,1.9562446,3.3868263,7,0,0,0,0,0,0,0,7,1,1,0,0,0,0,0,0,0,1
A2C,rec_ef,3,dU,-4.0819,14,5.080357143,3.1845138,0.12028716,1.5325404,3.3259103,2.5632486,3.0007861,0,0,0,0,7,0,0,0,7,1,0,0,0,0,1,0,0,0,1
Beta 2,rec_ef,4,dE(class),-2.63231,136,2.918946648,17.758074,1.1475755,10.45977,9.4673042,6.4577665,8.2319107,2,1,2,0,1,0,0,1,7,0,0.285714286,0.142857143,0.285714286,0,0.142857143,0,0,0.142857143,1
Beta 2,rec_ef,3,dE,-4.73053,10,1.323255814,15.323845,0.62019795,9.4857531,9.7632265,4.7672119,7.5285616,0,0,0,0,7,0,0,0,7,1,0,0,0,0,1,0,0,0,0
Beta 2,rec_ef,4,dU(class),-2.90427,180,2.35245478,16.85998,2.413944,8.3562794,9.4673042,7.111032,8.5871878,2,1,2,0,1,0,0,1,7,0,0.285714286,0.142857143,0.285714286,0,0.142857143,0,0,0.142857143,1
Beta 2,rec_ef,3,dU,-4.47928,33,0.40098661,3.0561514,0.53284705,1.6686671,9.7632265,8.2620916,9.1006403,1,0,0,0,6,0,0,0,7,0,0.142857143,0,0,0,0.857142857,0,0,0,0
H1,rec_ef,5,dE(class),-0.768421,103,1.624785837,11.277601,0.76279896,4.87607,6.6125932,4.3968668,5.7385516,5,0,1,0,0,0,0,1,7,0,0.714285714,0,0.142857143,0,0,0,0,0.142857143,0
H1,rec_ef,3,dE,-4.45635,18,0.619825708,13.24171,1.0881802,8.4947538,7.6107655,5.8287435,6.7350154,0,0,0,0,7,0,0,0,7,1,0,0,0,0,1,0,0,0,0
H1,rec_ef,3,dU(class),-1.5,482,0.833292653,12.296596,1.1013701,6.7820325,6.4323368,4.0822554,5.5817261,3,1,2,0,0,0,0,1,7,0,0.428571429,0.142857143,0.285714286,0,0,0,0,0.142857143,0
H1,rec_ef,3,dU,-4.45406,21,0.531279178,11.103271,0.80216831,5.6452217,7.6107655,5.8066292,6.5313253,0,0,0,0,7,0,0,0,7,1,0,0,0,0,1,0,0,0,0
M1,rec_ef,5,dE(class),-2.44384,15,2.748792271,12.42264,0.84011787,7.1664162,8.721159,3.4673228,6.8728409,4,1,0,0,1,0,0,1,7,0,0.571428571,0.142857143,0,0,0.142857143,0,0,0.142857143,1
M1,rec_ef,3,dE,-5.12037,19,0,17.734331,0.63120866,7.1208587,9.2409077,5.8341041,7.8686752,0,0,0,0,7,0,0,0,7,1,0,0,0,0,1,0,0,0,0
M1,rec_ef,5,dU(class),-1.07143,5,3.298550725,18.901035,1.5312704,9.8701172,10.641756,3.4673228,7.3650818,5,1,0,0,0,0,0,1,7,0,0.714285714,0.142857143,0,0,0,0,0,0.142857143,1
M1,rec_ef,3,dU,-4.33979,45,0.549758454,6.742846,0.64164633,4.280004,10.049589,6.403563,8.4018078,1,0,0,0,6,0,0,0,7,0,0.142857143,0,0,0,0.857142857,0,0,0,0
M2,rec_ef,3,dE(class),-1,566,0.986332422,11.978044,1.3569371,6.5135055,9.352355,4.7108183,7.4652314,4,1,2,0,0,0,0,0,7,0,0.571428571,0.142857143,0.285714286,0,0,0,0,0,0
M2,rec_ef,4,dE,-2.66364,41,0.785549931,15.697477,2.2691269,8.767313,9.303443,4.4286828,7.4541373,0,1,2,0,4,0,0,0,7,0,0,0.142857143,0.285714286,0,0.571428571,0,0,0,0
M2,rec_ef,6,dU(class),-0.1,5,2.147169811,11.83072,0.6126312,6.4852343,7.757431,4.7108183,6.6480484,7,0,0,0,0,0,0,0,7,1,1,0,0,0,0,0,0,0,1
M2,rec_ef,3,dU,-4.06842,17,0.631520533,5.3270836,0.75922459,2.4801373,9.1215143,6.1614728,7.1681619,0,0,0,0,7,0,0,0,7,1,0,0,0,0,1,0,0,0,0
M4,rec_ef,5,dE(class),-0.545455,24,1.247807018,14.197206,2.4304266,8.4899025,8.1142197,4.4643488,6.4945416,4,0,2,0,0,0,0,1,7,0,0.571428571,0,0.285714286,0,0,0,0,0.142857143,0
M4,rec_ef,3,dE,-2.69474,495,0.846996279,15.359131,1.4629679,7.9313707,9.7346087,4.4792166,7.0006099,1,1,2,0,3,0,0,0,7,0,0.142857143,0.142857143,0.285714286,0,0.428571429,0,0,0,0
M4,rec_ef,6,dU(class),-0.111111,4,2.495614035,18.622755,2.448935,9.5534344,10.791615,4.4529896,6.7108455,7,0,0,0,0,0,0,0,7,1,1,0,0,0,0,0,0,0,1
M4,rec_ef,3,dU,-6.31519,19,0,9.6533327,0.87619948,5.6779785,10.232912,7.7819438,8.9483089,0,0,0,0,7,0,0,0,7,1,0,0,0,0,1,0,0,0,0
OPRD,rec_ef,5,dE(class),-2.38818,51,1.144293615,12.152098,1.2068475,6.4354277,8.6804123,3.0099323,6.3407269,2,1,1,0,1,0,0,2,7,0,0.285714286,0.142857143,0.142857143,0,0.142857143,0,0,0.285714286,0
OPRD,rec_ef,4,dE,-4.66633,362,1.249397932,4.1761847,1.091728,2.4220712,7.3629627,4.5465384,6.1623011,3,0,0,0,4,0,0,0,7,0,0.428571429,0,0,0,0.571428571,0,0,0,0
OPRD,rec_ef,4,dU(class),-1.65556,403,1.086085131,9.795785,0.63122499,5.1280251,8.6804123,4.1866422,5.9410295,3,1,2,0,0,0,0,1,7,0,0.428571429,0.142857143,0.285714286,0,0,0,0,0.142857143,0
OPRD,rec_ef,4,dU,-4.49324,364,1.242533108,4.1761847,0.8571499,2.3213603,7.3629627,4.7553058,6.0149217,3,0,0,0,4,0,0,0,7,0,0.428571429,0,0,0,0.571428571,0,0,0,0
OPRK,rec_ef,3,dE(class),-3.25697,414,1.104425466,16.453671,1.8390187,10.159225,9.4221497,4.5981283,7.4371572,4,1,0,0,1,0,0,1,7,0,0.571428571,0.142857143,0,0,0.142857143,0,0,0.142857143,0
OPRK,rec_ef,4,dE,-5.63153,4,2.540178571,14.739861,1.7139342,9.0831032,10.534269,4.0336351,7.0532794,1,0,0,0,6,0,0,0,7,0,0.142857143,0,0,0,0.857142857,0,0,0,1
OPRK,rec_ef,3,dU(class),-0.861905,414,1.202596618,15.383964,1.5300163,9.9127369,9.8130245,4.6465497,7.9954667,6,0,0,0,0,0,0,1,7,0,0.857142857,0,0,0,0,0,0,0.142857143,0
OPRK,rec_ef,3,dU,-4.40993,461,0.991826774,8.4457922,1.424082,4.1244493,7.7170739,5.6212606,6.5663199,2,0,0,0,5,0,0,0,7,0,0.285714286,0,0,0,0.714285714,0,0,0,0
OPRM,rec_ef,4,dE(class),-3.31022,322,1.233622407,10.52594,2.4857283,7.0839171,7.7149844,4.0373254,5.3299642,3,1,1,0,1,0,0,1,7,0,0.428571429,0.142857143,0.142857143,0,0.142857143,0,0,0.142857143,0
OPRM,rec_ef,3,dE,-5.42184,505,1.084214459,4.9525738,0.57286364,2.8061171,4.6584463,3.5874903,4.3081441,2,0,0,0,5,0,0,0,7,0,0.285714286,0,0,0,0.714285714,0,0,0,0
OPRM,rec_ef,3,dU(class),-2.70258,505,1.041696245,12.002025,2.4072776,8.2717028,7.7149844,4.002686,5.960834,3,1,2,0,1,0,0,0,7,0,0.428571429,0.142857143,0.285714286,0,0.142857143,0,0,0,0
OPRM,rec_ef,3,dU,-4.44671,491,1.093263651,6.4012637,0.96356994,3.472044,6.8294191,3.5874903,4.5927525,2,0,0,0,5,0,0,0,7,0,0.285714286,0,0,0,0.714285714,0,0,0,0
5HT1B,rec_gh,5,dE(class),-2.66842,15,1.750769231,15.48471,1.4477921,9.3060513,10.749083,5.0763645,7.4853711,5,0,1,0,1,0,0,0,7,0,0.714285714,0,0.142857143,0,0.142857143,0,0,0,0
5HT1B,rec_gh,4,dE,-2.78384,443,1.027539503,10.960896,1.4714693,4.7718472,9.0652828,4.949985,7.1513472,3,0,2,0,2,0,0,0,7,0,0.428571429,0,0.285714286,0,0.285714286,0,0,0,0
5HT1B,rec_gh,3,dU(class),-0.27619,557,1.021543986,15.610643,2.4460132,9.3321486,10.749083,4.3651314,6.9874539,7,0,0,0,0,0,0,0,7,1,1,0,0,0,0,0,0,0,0
5HT1B,rec_gh,4,dU,-4.76385,1,8.753846154,4.5955496,0.54174346,2.3033302,9.6243925,7.7852659,8.4230347,0,0,0,0,7,0,0,0,7,1,0,0,0,0,1,0,0,0,1
5HT2B,rec_gh,6,dE(class),-2.16115,3,2.205426357,14.335209,1.5319533,7.963181,7.7865977,4.6011567,5.9103665,6,0,0,0,1,0,0,0,7,0,0.857142857,0,0,0,0.142857143,0,0,0,1
5HT2B,rec_gh,3,dE,-5.83364,19,0.348225214,12.760071,1.0298786,7.9496613,8.997858,4.6662955,6.8178716,0,0,0,0,7,0,0,0,7,1,0,0,0,0,1,0,0,0,0
5HT2B,rec_gh,6,dU(class),-1.88812,3,2.205426357,14.335209,1.5319533,8.1176205,8.3777857,4.027318,6.339994,6,0,0,0,1,0,0,0,7,0,0.857142857,0,0,0,0.142857143,0,0,0,1
5HT2B,rec_gh,3,dU,-6.02185,14,0.472591362,4.3022547,0.71420586,2.016536,9.0662508,7.2850819,8.2604351,0,0,0,0,7,0,0,0,7,1,0,0,0,0,1,0,0,0,0
5HT2C,rec_gh,5,dE(class),-1.62065,24,1.102713178,10.535997,1.3416609,5.7944546,8.2929745,2.4649596,6.3165827,5,0,0,0,2,0,0,0,7,0,0.714285714,0,0,0,0.285714286,0,0,0,0
5HT2C,rec_gh,3,dE,-2.43055,507,0.939589927,10.70808,0.98127317,5.0042434,8.7362156,2.2732315,4.8112183,2,0,2,0,3,0,0,0,7,0,0.285714286,0,0.285714286,0,0.428571429,0,0,0,0
5HT2C,rec_gh,3,dU(class),-0.266667,560,1.016071429,10.977654,0.13321474,6.0717993,7.5649366,4.0991793,5.7873173,5,0,2,0,0,0,0,0,7,0,0.714285714,0,0.285714286,0,0,0,0,0,0
5HT2C,rec_gh,3,dU,-4.29678,74,0.715273413,5.6832442,0.20224737,3.3891847,4.9096828,2.6624832,3.9307621,2,0,0,0,5,0,0,0,7,0,0.285714286,0,0,0,0.714285714,0,0,0,0
A2A,rec_gh,3,dE(class),-0.888344,559,0.877490593,14.555636,1.5292571,7.8726616,10.386244,2.923759,6.5681224,4,0,2,0,1,0,0,0,7,0,0.571428571,0,0.285714286,0,0.142857143,0,0,0,0
A2A,rec_gh,3,dE,-0.953846,328,0.837468461,13.21906,0.75341624,5.130127,8.4594555,5.58005,6.6153283,1,0,6,0,0,0,0,0,7,0,0.142857143,0,0.857142857,0,0,0,0,0,0
A2A,rec_gh,3,dU(class),-0.11,561,0.979285758,13.897984,0.60592741,5.3084102,10.469558,3.6869302,6.8574286,7,0,0,0,0,0,0,0,7,1,1,0,0,0,0,0,0,0,0
A2A,rec_gh,6,dU,-3.65456,2,9.810344828,15.628155,1.4422097,6.9968796,9.8637495,4.1146116,6.6692367,4,0,1,0,2,0,0,0,7,0,0.571428571,0,0.142857143,0,0.285714286,0,0,0,1
A2C,rec_gh,6,dE(class),-0.323077,22,1.616477273,10.035192,1.4651693,4.9662418,6.8312097,1.9562446,4.1494589,6,0,1,0,0,0,0,0,7,0,0.857142857,0,0.142857143,0,0,0,0,0,0
A2C,rec_gh,3,dE,-6.65277,20,3.55625,13.13256,0.66054827,7.7158399,10.533068,1.8813845,6.2430358,0,0,0,0,7,0,0,0,7,1,0,0,0,0,1,0,0,0,1
A2C,rec_gh,6,dU(class),-0.171429,5,3.55625,13.314546,1.473753,6.2903795,10.648377,1.9562446,4.4973836,7,0,0,0,0,0,0,0,7,1,1,0,0,0,0,0,0,0,1
A2C,rec_gh,3,dU,-6.74962,20,3.55625,13.13256,0.74627477,7.6735892,10.533068,1.8813845,5.3694992,0,0,0,0,7,0,0,0,7,1,0,0,0,0,1,0,0,0,1
Beta 2,rec_gh,5,dE(class),-1.01667,96,1.51623062,6.7751598,0.86187238,3.8077533,10.160717,4.0576906,7.4977565,5,0,1,0,1,0,0,0,7,0,0.714285714,0,0.142857143,0,0.142857143,0,0,0,0
Beta 2,rec_gh,4,dE,-0.726316,347,0.991488506,16.028713,2.4390965,8.1778297,10.369191,4.0576906,8.1864033,4,0,2,0,1,0,0,0,7,0,0.571428571,0,0.285714286,0,0.142857143,0,0,0,0
Beta 2,rec_gh,3,dU(class),-0.682609,557,0.974030312,16.406242,2.5164511,8.6316652,9.4547415,6.2701383,8.2208014,6,0,1,0,0,0,0,0,7,0,0.857142857,0,0.142857143,0,0,0,0,0,0
Beta 2,rec_gh,4,dU,-5.96177,11,1.202959831,3.4164965,0.12724747,1.6041007,9.3597488,8.1092615,8.8096933,2,0,0,0,5,0,0,0,7,0,0.285714286,0,0,0,0.714285714,0,0,0,0
H1,rec_gh,5,dE(class),-0.807407,200,1.115686275,5.8389177,1.1598353,3.2856517,8.1258125,4.3968668,6.4120073,5,0,0,0,2,0,0,0,7,0,0.714285714,0,0,0,0.285714286,0,0,0,0
H1,rec_gh,4,dE,-4.63724,291,1.073512567,3.0807374,0.81565005,1.9153473,8.1576824,6.2218676,7.4284244,3,0,0,0,4,0,0,0,7,0,0.428571429,0,0,0,0.571428571,0,0,0,0
H1,rec_gh,5,dU(class),-1.25109,62,1.259645794,11.147695,1.4869438,6.0856285,7.423749,4.3968668,6.1542697,5,0,1,0,1,0,0,0,7,0,0.714285714,0,0.142857143,0,0.142857143,0,0,0,0
H1,rec_gh,5,dU,-4.3498,51,3.281430219,3.2114527,0.71811247,1.8399103,8.1576824,6.5668468,7.4312315,3,0,0,0,3,0,0,0,6,0,0.5,0,0,0,0.5,0,0,0,1
M1,rec_gh,6,dE(class),-1.84183,1,8.246376812,16.008661,1.5306433,8.7344999,8.6676531,3.4663563,6.250627,4,0,2,0,1,0,0,0,7,0,0.571428571,0,0.285714286,0,0.142857143,0,0,0,1
M1,rec_gh,4,dE,-6.23532,8,2.061594203,14.90195,0.78234535,8.5156193,8.9997473,4.990272,7.0689797,1,0,2,0,4,0,0,0,7,0,0.142857143,0,0.285714286,0,0.571428571,0,0,0,1
M1,rec_gh,5,dU(class),-3.77375,10,3.298550725,15.750606,1.4727046,9.2619305,8.4722357,3.4663563,6.7366028,5,0,1,0,1,0,0,0,7,0,0.714285714,0,0.142857143,0,0.142857143,0,0,0,1
M1,rec_gh,3,dU,-7.6867,40,0.412318841,4.7795277,0.12852801,2.6933727,8.1346941,6.04603,7.0548658,1,0,0,0,6,0,0,0,7,0,0.142857143,0,0,0,0.857142857,0,0,0,0
M2,rec_gh,6,dE(class),-0.973077,2,5.367924528,12.439044,1.4723223,7.241148,10.974418,3.8195379,6.8438292,4,0,3,0,0,0,0,0,7,0,0.571428571,0,0.428571429,0,0,0,0,0,1
M2,rec_gh,5,dE,-1.83571,45,1.431446541,9.8536129,0.6573903,5.5617719,10.974418,3.8195379,7.5572782,2,0,4,0,1,0,0,0,7,0,0.285714286,0,0.571428571,0,0.142857143,0,0,0,0
M2,rec_gh,6,dU(class),-0.1,6,5.367924528,11.568931,0.9248811,6.3186474,7.757431,4.7108183,6.5090795,7,0,0,0,0,0,0,0,7,1,1,0,0,0,0,0,0,0,1
M2,rec_gh,3,dU,-4.52,316,0.679484118,3.8346646,0.58669281,2.080905,8.557478,5.6529856,6.8281894,2,0,0,0,5,0,0,0,7,0,0.285714286,0,0,0,0.714285714,0,0,0,0
M4,rec_gh,6,dE(class),-1.36364,1,9.98245614,11.474065,1.0822611,7.2352524,9.1432219,3.9042709,6.1366382,6,0,0,0,1,0,0,0,7,0,0.857142857,0,0,0,0.142857143,0,0,0,1
M4,rec_gh,3,dE,-0.866667,536,1.024319194,11.073898,0.63402683,5.6759725,6.4579296,2.8429594,4.3731894,4,0,3,0,0,0,0,0,7,0,0.571428571,0,0.428571429,0,0,0,0,0,0
M4,rec_gh,5,dU(class),-0.496552,16,2.495614035,17.004698,2.5217268,9.2759943,11.223299,3.1334169,6.578846,5,0,2,0,0,0,0,0,7,0,0.714285714,0,0.285714286,0,0,0,0,0,1
M4,rec_gh,4,dU,-5.91718,32,0.935855263,9.357235,0.72479379,5.2971921,10.277767,8.2165174,9.4009094,2,0,0,0,5,0,0,0,7,0,0.285714286,0,0,0,0.714285714,0,0,0,0
OPRD,rec_gh,5,dE(class),-2.2619,45,1.945299145,10.848692,0.75247192,4.8821697,6.5754137,4.3214908,5.5546427,4,0,1,0,2,0,0,0,7,0,0.571428571,0,0.142857143,0,0.285714286,0,0,0,0
OPRD,rec_gh,3,dE,-4.68384,431,1.117080136,11.441317,1.2978232,7.2251129,6.3007898,4.6065035,5.6577106,1,0,4,0,2,0,0,0,7,0,0.142857143,0,0.571428571,0,0.285714286,0,0,0,0
OPRD,rec_gh,6,dU(class),-1.23179,8,1.823717949,11.176764,1.4635246,6.2419691,8.233264,4.9590192,6.1521101,6,0,0,0,1,0,0,0,7,0,0.857142857,0,0,0,0.142857143,0,0,0,0
OPRD,rec_gh,3,dU,-5.87894,14,0,3.4745793,0.65609413,2.1070592,6.40803,3.7024696,5.2360616,0,0,0,0,7,0,0,0,7,1,0,0,0,0,1,0,0,0,0
OPRK,rec_gh,4,dE(class),-3.19763,92,1.435753106,16.655567,2.3205085,10.058414,10.044007,7.6001987,8.6605024,3,0,1,0,3,0,0,0,7,0,0.428571429,0,0.142857143,0,0.428571429,0,0,0,0
OPRK,rec_gh,3,dE,-7.71264,15,0.677380952,14.978769,0.62525755,5.2918143,7.9658022,4.6617026,6.6762528,0,0,0,0,7,0,0,0,7,1,0,0,0,0,1,0,0,0,0
OPRK,rec_gh,4,dU(class),-1.50436,164,1.363022648,14.747588,2.3205085,9.359889,10.044007,3.9110763,8.1842833,4,0,2,0,1,0,0,0,7,0,0.571428571,0,0.285714286,0,0.142857143,0,0,0,0
OPRK,rec_gh,3,dU,-7.66088,14,0.725765306,15.37549,0.67410535,7.6947832,8.1645851,5.7663722,7.3688827,0,0,0,0,7,0,0,0,7,1,0,0,0,0,1,0,0,0,0
OPRM,rec_gh,5,dE(class),-1.41256,74,1.305711372,11.068575,2.5246232,6.4905229,7.9183292,3.4692664,5.4092979,4,0,2,0,1,0,0,0,7,0,0.571428571,0,0.285714286,0,0.142857143,0,0,0,0
OPRM,rec_gh,3,dE,-4.6414,14,0,3.7112939,0.70785379,2.0991178,5.6896806,3.1957371,4.1508613,0,0,0,0,7,0,0,0,7,1,0,0,0,0,1,0,0,0,0
OPRM,rec_gh,5,dU(class),-1.47699,31,1.038953135,11.594953,2.5246232,8.2136631,7.9183292,4.7596478,5.9329085,5,0,1,0,1,0,0,0,7,0,0.714285714,0,0.142857143,0,0.142857143,0,0,0,0
OPRM,rec_gh,3,dU,-4.46688,36,0,3.6523716,0.53926897,1.9024442,5.6896806,3.4804885,4.5820413,1,0,0,0,6,0,0,0,7,0,0.142857143,0,0,0,0.857142857,0,0,0,0
